{"flutter":{"platforms":{"android":{"default":{"projectId":"firedesk-4c38e","appId":"1:406738909292:android:c255c8b57a23ad0004c049","fileOutput":"android/app/google-services.json"}},"dart":{"lib/firebase_options.dart":{"projectId":"firedesk-4c38e","configurations":{"android":"1:406738909292:android:c255c8b57a23ad0004c049","ios":"1:406738909292:ios:80f67b506165003a04c049","macos":"1:406738909292:ios:de95020c6145e36604c049","web":"1:406738909292:web:b52cdd33a828e0e104c049","windows":"1:406738909292:web:29b78651a770b34304c049"}}}}}}