{"v":"4.8.0","meta":{"g":"LottieFiles AE 3.0.2","a":"","k":"","d":"","tc":""},"fr":30,"ip":0,"op":90,"w":400,"h":400,"nm":"Not Comment View","ddd":0,"assets":[],"layers":[{"ddd":0,"ind":1,"ty":4,"nm":"Layer 7","sr":1,"ks":{"o":{"a":0,"k":100,"ix":11},"r":{"a":0,"k":0,"ix":10},"p":{"a":0,"k":[200,200,0],"ix":2},"a":{"a":0,"k":[0,0,0],"ix":1},"s":{"a":0,"k":[100,100,100],"ix":6}},"ao":0,"shapes":[{"ty":"gr","it":[{"ind":0,"ty":"sh","ix":1,"ks":{"a":0,"k":{"i":[[0,0],[0,0]],"o":[[0,0],[0,0]],"v":[[58.711,-71.653],[110.368,-71.653]],"c":false},"ix":2},"nm":"Path 1","mn":"ADBE Vector Shape - Group","hd":false},{"ty":"st","c":{"a":0,"k":[1,1,1,1],"ix":3},"o":{"a":0,"k":100,"ix":4},"w":{"a":0,"k":7,"ix":5},"lc":2,"lj":1,"ml":10,"bm":0,"nm":"Stroke 1","mn":"ADBE Vector Graphic - Stroke","hd":false},{"ty":"fl","c":{"a":0,"k":[0.43137255311,0.443137258291,0.745098054409,1],"ix":4},"o":{"a":0,"k":100,"ix":5},"r":1,"bm":0,"nm":"Fill 1","mn":"ADBE Vector Graphic - Fill","hd":false},{"ty":"tr","p":{"a":0,"k":[0,0],"ix":2},"a":{"a":0,"k":[0,0],"ix":1},"s":{"a":0,"k":[100,100],"ix":3},"r":{"a":0,"k":0,"ix":6},"o":{"a":0,"k":100,"ix":7},"sk":{"a":0,"k":0,"ix":4},"sa":{"a":0,"k":0,"ix":5},"nm":"Transform"}],"nm":"Group 1","np":3,"cix":2,"bm":0,"ix":1,"mn":"ADBE Vector Group","hd":false},{"ty":"tm","s":{"a":0,"k":0,"ix":1},"e":{"a":1,"k":[{"i":{"x":[0.667],"y":[1]},"o":{"x":[0.333],"y":[0]},"t":37,"s":[0]},{"t":52,"s":[100]}],"ix":2},"o":{"a":0,"k":0,"ix":3},"m":1,"ix":2,"nm":"Trim Paths 1","mn":"ADBE Vector Filter - Trim","hd":false}],"ip":37,"op":177,"st":37,"bm":0},{"ddd":0,"ind":2,"ty":4,"nm":"Layer 6","sr":1,"ks":{"o":{"a":0,"k":100,"ix":11},"r":{"a":0,"k":0,"ix":10},"p":{"a":0,"k":[200,200,0],"ix":2},"a":{"a":0,"k":[0,0,0],"ix":1},"s":{"a":0,"k":[100,100,100],"ix":6}},"ao":0,"shapes":[{"ty":"gr","it":[{"ind":0,"ty":"sh","ix":1,"ks":{"a":0,"k":{"i":[[0,0],[0,0]],"o":[[0,0],[0,0]],"v":[[58.711,-89.179],[97.425,-89.179]],"c":false},"ix":2},"nm":"Path 1","mn":"ADBE Vector Shape - Group","hd":false},{"ty":"st","c":{"a":0,"k":[1,1,1,1],"ix":3},"o":{"a":0,"k":100,"ix":4},"w":{"a":0,"k":7,"ix":5},"lc":2,"lj":1,"ml":10,"bm":0,"nm":"Stroke 1","mn":"ADBE Vector Graphic - Stroke","hd":false},{"ty":"fl","c":{"a":0,"k":[0.43137255311,0.443137258291,0.745098054409,1],"ix":4},"o":{"a":0,"k":100,"ix":5},"r":1,"bm":0,"nm":"Fill 1","mn":"ADBE Vector Graphic - Fill","hd":false},{"ty":"tr","p":{"a":0,"k":[0,0],"ix":2},"a":{"a":0,"k":[0,0],"ix":1},"s":{"a":0,"k":[100,100],"ix":3},"r":{"a":0,"k":0,"ix":6},"o":{"a":0,"k":100,"ix":7},"sk":{"a":0,"k":0,"ix":4},"sa":{"a":0,"k":0,"ix":5},"nm":"Transform"}],"nm":"Group 1","np":3,"cix":2,"bm":0,"ix":1,"mn":"ADBE Vector Group","hd":false},{"ty":"tm","s":{"a":0,"k":0,"ix":1},"e":{"a":1,"k":[{"i":{"x":[0.667],"y":[1]},"o":{"x":[0.333],"y":[0]},"t":29,"s":[0]},{"t":44,"s":[100]}],"ix":2},"o":{"a":0,"k":0,"ix":3},"m":1,"ix":2,"nm":"Trim Paths 1","mn":"ADBE Vector Filter - Trim","hd":false}],"ip":29,"op":169,"st":29,"bm":0},{"ddd":0,"ind":3,"ty":4,"nm":"Layer 5","sr":1,"ks":{"o":{"a":0,"k":100,"ix":11},"r":{"a":0,"k":0,"ix":10},"p":{"a":0,"k":[264.197,160.67,0],"ix":2},"a":{"a":0,"k":[64.197,-39.33,0],"ix":1},"s":{"a":1,"k":[{"i":{"x":[0.5,0.5,0.5],"y":[1,1,1]},"o":{"x":[0.5,0.5,0.5],"y":[0,0,0]},"t":16,"s":[0,0,100]},{"i":{"x":[0.5,0.5,0.5],"y":[1,1,1]},"o":{"x":[0.5,0.5,0.5],"y":[0,0,0]},"t":31,"s":[105,105,100]},{"i":{"x":[0.5,0.5,0.5],"y":[1,1,1]},"o":{"x":[0.5,0.5,0.5],"y":[0,0,0]},"t":35,"s":[100,100,100]},{"i":{"x":[0.5,0.5,0.5],"y":[1,1,1]},"o":{"x":[0.5,0.5,0.5],"y":[0,0,0]},"t":39,"s":[104,104,100]},{"t":43,"s":[100,100,100]}],"ix":6}},"ao":0,"shapes":[{"ty":"gr","it":[{"ind":0,"ty":"sh","ix":1,"ks":{"a":0,"k":{"i":[[4.481,0],[0,0],[0,-4.481],[0,0],[-4.481,0],[0,0],[0.226,-0.557],[0,0],[-0.699,0.397],[0,0],[-0.147,0],[0,0],[0,4.481],[0,0]],"o":[[0,0],[-4.481,0],[0,0],[0,4.481],[0,0],[0.602,0],[0,0],[-0.303,0.745],[0,0],[0.128,-0.072],[0,0],[4.481,0],[0,0],[0,-4.481]],"v":[[117.768,-110.502],[51.311,-110.502],[43.197,-102.388],[43.197,-59.456],[51.311,-51.342],[68.593,-51.342],[69.379,-50.175],[65.041,-39.5],[66.244,-38.444],[88.78,-51.231],[89.199,-51.342],[117.768,-51.342],[125.882,-59.455],[125.882,-102.388]],"c":true},"ix":2},"nm":"Path 1","mn":"ADBE Vector Shape - Group","hd":false},{"ty":"fl","c":{"a":0,"k":[0.258823543787,0.521568655968,0.956862747669,1],"ix":4},"o":{"a":0,"k":100,"ix":5},"r":1,"bm":0,"nm":"Fill 1","mn":"ADBE Vector Graphic - Fill","hd":false},{"ty":"tr","p":{"a":0,"k":[0,0],"ix":2},"a":{"a":0,"k":[0,0],"ix":1},"s":{"a":0,"k":[100,100],"ix":3},"r":{"a":0,"k":0,"ix":6},"o":{"a":0,"k":100,"ix":7},"sk":{"a":0,"k":0,"ix":4},"sa":{"a":0,"k":0,"ix":5},"nm":"Transform"}],"nm":"Group 1","np":2,"cix":2,"bm":0,"ix":1,"mn":"ADBE Vector Group","hd":false}],"ip":16,"op":156,"st":16,"bm":0},{"ddd":0,"ind":4,"ty":4,"nm":"shapes 39","sr":1,"ks":{"o":{"a":0,"k":100,"ix":11},"r":{"a":0,"k":0,"ix":10},"p":{"a":0,"k":[157.497,146.25,0],"ix":2},"a":{"a":0,"k":[0,0,0],"ix":1},"s":{"a":0,"k":[40.556,40.556,100],"ix":6}},"ao":0,"shapes":[{"ty":"gr","it":[{"ty":"rc","d":1,"s":{"a":0,"k":[282,30],"ix":2},"p":{"a":0,"k":[0,0],"ix":3},"r":{"a":0,"k":89,"ix":4},"nm":"rectangle__1","mn":"ADBE Vector Shape - Rect","hd":false},{"ty":"gf","o":{"a":0,"k":50,"ix":10},"r":1,"bm":0,"g":{"p":3,"k":{"a":0,"k":[0,0.82,0.831,0.878,0.5,0.888,0.896,0.925,1,0.957,0.961,0.973],"ix":9}},"s":{"a":1,"k":[{"i":{"x":0.833,"y":0.833},"o":{"x":0.167,"y":0.167},"t":48.5,"s":[-800,0],"to":[266.667,0],"ti":[-117.413,76.237]},{"i":{"x":0.833,"y":1},"o":{"x":0.167,"y":0},"t":77.5,"s":[800,0],"to":[117.413,-76.237],"ti":[266.667,0]},{"i":{"x":0.833,"y":1},"o":{"x":0.167,"y":0},"t":78,"s":[-95.523,-457.422],"to":[-266.667,0],"ti":[117.413,-76.237]},{"t":78.5,"s":[-800,0]}],"ix":5},"e":{"a":1,"k":[{"i":{"x":0.833,"y":0.833},"o":{"x":0.167,"y":0.167},"t":48.5,"s":[-500,0],"to":[266.667,0],"ti":[-114.076,76.82]},{"i":{"x":0.833,"y":1},"o":{"x":0.167,"y":0},"t":77.5,"s":[1100,0],"to":[114.076,-76.82],"ti":[266.667,0]},{"i":{"x":0.833,"y":1},"o":{"x":0.167,"y":0},"t":78,"s":[184.453,-460.922],"to":[-266.667,0],"ti":[114.076,-76.82]},{"t":78.5,"s":[-500,0]}],"ix":6},"t":2,"h":{"a":0,"k":0,"ix":7},"a":{"a":0,"k":0,"ix":8},"nm":"gradient","mn":"ADBE Vector Graphic - G-Fill","hd":false},{"ty":"tr","p":{"a":0,"k":[2.466,-0.616],"ix":2},"a":{"a":0,"k":[0,0],"ix":1},"s":{"a":0,"k":[100,100],"ix":3},"r":{"a":0,"k":0,"ix":6},"o":{"a":0,"k":100,"ix":7},"sk":{"a":0,"k":0,"ix":4},"sa":{"a":0,"k":0,"ix":5},"nm":"Transform"}],"nm":"rectangle 1","np":2,"cix":2,"bm":0,"ix":1,"mn":"ADBE Vector Group","hd":false}],"ip":48,"op":129,"st":48,"bm":0},{"ddd":0,"ind":5,"ty":4,"nm":"shapes 38","sr":1,"ks":{"o":{"a":0,"k":100,"ix":11},"r":{"a":0,"k":0,"ix":10},"p":{"a":0,"k":[179.278,176.625,0],"ix":2},"a":{"a":0,"k":[0,0,0],"ix":1},"s":{"a":0,"k":[40.556,40.556,100],"ix":6}},"ao":0,"shapes":[{"ty":"gr","it":[{"ty":"rc","d":1,"s":{"a":0,"k":[391,30],"ix":2},"p":{"a":0,"k":[0,0],"ix":3},"r":{"a":0,"k":89,"ix":4},"nm":"rectangle__1","mn":"ADBE Vector Shape - Rect","hd":false},{"ty":"gf","o":{"a":0,"k":50,"ix":10},"r":1,"bm":0,"g":{"p":3,"k":{"a":0,"k":[0,0.82,0.831,0.878,0.5,0.888,0.896,0.925,1,0.957,0.961,0.973],"ix":9}},"s":{"a":1,"k":[{"i":{"x":0.833,"y":0.833},"o":{"x":0.167,"y":0.167},"t":51.5,"s":[-800,0],"to":[266.667,0],"ti":[-117.413,76.237]},{"i":{"x":0.833,"y":1},"o":{"x":0.167,"y":0},"t":80.5,"s":[800,0],"to":[117.413,-76.237],"ti":[266.667,0]},{"i":{"x":0.833,"y":1},"o":{"x":0.167,"y":0},"t":81,"s":[-95.523,-457.422],"to":[-266.667,0],"ti":[117.413,-76.237]},{"t":81.5,"s":[-800,0]}],"ix":5},"e":{"a":1,"k":[{"i":{"x":0.833,"y":0.833},"o":{"x":0.167,"y":0.167},"t":51.5,"s":[-500,0],"to":[266.667,0],"ti":[-114.076,76.82]},{"i":{"x":0.833,"y":1},"o":{"x":0.167,"y":0},"t":80.5,"s":[1100,0],"to":[114.076,-76.82],"ti":[266.667,0]},{"i":{"x":0.833,"y":1},"o":{"x":0.167,"y":0},"t":81,"s":[184.453,-460.922],"to":[-266.667,0],"ti":[114.076,-76.82]},{"t":81.5,"s":[-500,0]}],"ix":6},"t":2,"h":{"a":0,"k":0,"ix":7},"a":{"a":0,"k":0,"ix":8},"nm":"gradient","mn":"ADBE Vector Graphic - G-Fill","hd":false},{"ty":"tr","p":{"a":0,"k":[2.466,-0.616],"ix":2},"a":{"a":0,"k":[0,0],"ix":1},"s":{"a":0,"k":[100,100],"ix":3},"r":{"a":0,"k":0,"ix":6},"o":{"a":0,"k":100,"ix":7},"sk":{"a":0,"k":0,"ix":4},"sa":{"a":0,"k":0,"ix":5},"nm":"Transform"}],"nm":"rectangle 1","np":2,"cix":2,"bm":0,"ix":1,"mn":"ADBE Vector Group","hd":false}],"ip":51,"op":132,"st":51,"bm":0},{"ddd":0,"ind":6,"ty":4,"nm":"shapes 37","sr":1,"ks":{"o":{"a":0,"k":100,"ix":11},"r":{"a":0,"k":0,"ix":10},"p":{"a":0,"k":[179.31,207,0],"ix":2},"a":{"a":0,"k":[0,0,0],"ix":1},"s":{"a":0,"k":[40.556,40.556,100],"ix":6}},"ao":0,"shapes":[{"ty":"gr","it":[{"ty":"rc","d":1,"s":{"a":0,"k":[391,30],"ix":2},"p":{"a":0,"k":[0,0],"ix":3},"r":{"a":0,"k":89,"ix":4},"nm":"rectangle__1","mn":"ADBE Vector Shape - Rect","hd":false},{"ty":"gf","o":{"a":0,"k":50,"ix":10},"r":1,"bm":0,"g":{"p":3,"k":{"a":0,"k":[0,0.82,0.831,0.878,0.5,0.888,0.896,0.925,1,0.957,0.961,0.973],"ix":9}},"s":{"a":1,"k":[{"i":{"x":0.833,"y":0.833},"o":{"x":0.167,"y":0.167},"t":49.5,"s":[-800,0],"to":[266.667,0],"ti":[-117.413,76.237]},{"i":{"x":0.833,"y":1},"o":{"x":0.167,"y":0},"t":78.5,"s":[800,0],"to":[117.413,-76.237],"ti":[266.667,0]},{"i":{"x":0.833,"y":1},"o":{"x":0.167,"y":0},"t":79,"s":[-95.523,-457.422],"to":[-266.667,0],"ti":[117.413,-76.237]},{"t":79.5,"s":[-800,0]}],"ix":5},"e":{"a":1,"k":[{"i":{"x":0.833,"y":0.833},"o":{"x":0.167,"y":0.167},"t":49.5,"s":[-500,0],"to":[266.667,0],"ti":[-114.076,76.82]},{"i":{"x":0.833,"y":1},"o":{"x":0.167,"y":0},"t":78.5,"s":[1100,0],"to":[114.076,-76.82],"ti":[266.667,0]},{"i":{"x":0.833,"y":1},"o":{"x":0.167,"y":0},"t":79,"s":[184.453,-460.922],"to":[-266.667,0],"ti":[114.076,-76.82]},{"t":79.5,"s":[-500,0]}],"ix":6},"t":2,"h":{"a":0,"k":0,"ix":7},"a":{"a":0,"k":0,"ix":8},"nm":"gradient","mn":"ADBE Vector Graphic - G-Fill","hd":false},{"ty":"tr","p":{"a":0,"k":[2.466,-0.616],"ix":2},"a":{"a":0,"k":[0,0],"ix":1},"s":{"a":0,"k":[100,100],"ix":3},"r":{"a":0,"k":0,"ix":6},"o":{"a":0,"k":100,"ix":7},"sk":{"a":0,"k":0,"ix":4},"sa":{"a":0,"k":0,"ix":5},"nm":"Transform"}],"nm":"rectangle 1","np":2,"cix":2,"bm":0,"ix":1,"mn":"ADBE Vector Group","hd":false}],"ip":49,"op":130,"st":49,"bm":0},{"ddd":0,"ind":7,"ty":4,"nm":"shapes 36","sr":1,"ks":{"o":{"a":0,"k":100,"ix":11},"r":{"a":0,"k":0,"ix":10},"p":{"a":0,"k":[179.31,235,0],"ix":2},"a":{"a":0,"k":[0,0,0],"ix":1},"s":{"a":0,"k":[40.556,40.556,100],"ix":6}},"ao":0,"shapes":[{"ty":"gr","it":[{"ty":"rc","d":1,"s":{"a":0,"k":[391,30],"ix":2},"p":{"a":0,"k":[0,0],"ix":3},"r":{"a":0,"k":89,"ix":4},"nm":"rectangle__1","mn":"ADBE Vector Shape - Rect","hd":false},{"ty":"gf","o":{"a":0,"k":50,"ix":10},"r":1,"bm":0,"g":{"p":3,"k":{"a":0,"k":[0,0.82,0.831,0.878,0.5,0.888,0.896,0.925,1,0.957,0.961,0.973],"ix":9}},"s":{"a":1,"k":[{"i":{"x":0.833,"y":0.833},"o":{"x":0.167,"y":0.167},"t":50.5,"s":[-800,0],"to":[266.667,0],"ti":[-117.413,76.237]},{"i":{"x":0.833,"y":1},"o":{"x":0.167,"y":0},"t":79.5,"s":[800,0],"to":[117.413,-76.237],"ti":[266.667,0]},{"i":{"x":0.833,"y":1},"o":{"x":0.167,"y":0},"t":80,"s":[-95.523,-457.422],"to":[-266.667,0],"ti":[117.413,-76.237]},{"t":80.5,"s":[-800,0]}],"ix":5},"e":{"a":1,"k":[{"i":{"x":0.833,"y":0.833},"o":{"x":0.167,"y":0.167},"t":50.5,"s":[-500,0],"to":[266.667,0],"ti":[-114.076,76.82]},{"i":{"x":0.833,"y":1},"o":{"x":0.167,"y":0},"t":79.5,"s":[1100,0],"to":[114.076,-76.82],"ti":[266.667,0]},{"i":{"x":0.833,"y":1},"o":{"x":0.167,"y":0},"t":80,"s":[184.453,-460.922],"to":[-266.667,0],"ti":[114.076,-76.82]},{"t":80.5,"s":[-500,0]}],"ix":6},"t":2,"h":{"a":0,"k":0,"ix":7},"a":{"a":0,"k":0,"ix":8},"nm":"gradient","mn":"ADBE Vector Graphic - G-Fill","hd":false},{"ty":"tr","p":{"a":0,"k":[2.466,-0.616],"ix":2},"a":{"a":0,"k":[0,0],"ix":1},"s":{"a":0,"k":[100,100],"ix":3},"r":{"a":0,"k":0,"ix":6},"o":{"a":0,"k":100,"ix":7},"sk":{"a":0,"k":0,"ix":4},"sa":{"a":0,"k":0,"ix":5},"nm":"Transform"}],"nm":"rectangle 1","np":2,"cix":2,"bm":0,"ix":1,"mn":"ADBE Vector Group","hd":false}],"ip":50,"op":131,"st":50,"bm":0},{"ddd":0,"ind":8,"ty":4,"nm":"shapes 35","sr":1,"ks":{"o":{"a":0,"k":100,"ix":11},"r":{"a":0,"k":0,"ix":10},"p":{"a":0,"k":[157.185,263.25,0],"ix":2},"a":{"a":0,"k":[0,0,0],"ix":1},"s":{"a":0,"k":[40.556,40.556,100],"ix":6}},"ao":0,"shapes":[{"ty":"gr","it":[{"ty":"rc","d":1,"s":{"a":0,"k":[282,30],"ix":2},"p":{"a":0,"k":[0,0],"ix":3},"r":{"a":0,"k":89,"ix":4},"nm":"rectangle__1","mn":"ADBE Vector Shape - Rect","hd":false},{"ty":"gf","o":{"a":0,"k":50,"ix":10},"r":1,"bm":0,"g":{"p":3,"k":{"a":0,"k":[0,0.82,0.831,0.878,0.5,0.888,0.896,0.925,1,0.957,0.961,0.973],"ix":9}},"s":{"a":1,"k":[{"i":{"x":0.833,"y":0.833},"o":{"x":0.167,"y":0.167},"t":49.5,"s":[-800,0],"to":[266.667,0],"ti":[-117.413,76.237]},{"i":{"x":0.833,"y":1},"o":{"x":0.167,"y":0},"t":78.5,"s":[800,0],"to":[117.413,-76.237],"ti":[266.667,0]},{"i":{"x":0.833,"y":1},"o":{"x":0.167,"y":0},"t":79,"s":[-95.523,-457.422],"to":[-266.667,0],"ti":[117.413,-76.237]},{"t":79.5,"s":[-800,0]}],"ix":5},"e":{"a":1,"k":[{"i":{"x":0.833,"y":0.833},"o":{"x":0.167,"y":0.167},"t":49.5,"s":[-500,0],"to":[266.667,0],"ti":[-114.076,76.82]},{"i":{"x":0.833,"y":1},"o":{"x":0.167,"y":0},"t":78.5,"s":[1100,0],"to":[114.076,-76.82],"ti":[266.667,0]},{"i":{"x":0.833,"y":1},"o":{"x":0.167,"y":0},"t":79,"s":[184.453,-460.922],"to":[-266.667,0],"ti":[114.076,-76.82]},{"t":79.5,"s":[-500,0]}],"ix":6},"t":2,"h":{"a":0,"k":0,"ix":7},"a":{"a":0,"k":0,"ix":8},"nm":"gradient","mn":"ADBE Vector Graphic - G-Fill","hd":false},{"ty":"tr","p":{"a":0,"k":[2.466,-0.616],"ix":2},"a":{"a":0,"k":[0,0],"ix":1},"s":{"a":0,"k":[100,100],"ix":3},"r":{"a":0,"k":0,"ix":6},"o":{"a":0,"k":100,"ix":7},"sk":{"a":0,"k":0,"ix":4},"sa":{"a":0,"k":0,"ix":5},"nm":"Transform"}],"nm":"rectangle 1","np":2,"cix":2,"bm":0,"ix":1,"mn":"ADBE Vector Group","hd":false}],"ip":49,"op":130,"st":49,"bm":0},{"ddd":0,"ind":9,"ty":4,"nm":"shapes 23","sr":1,"ks":{"o":{"a":0,"k":100,"ix":11},"r":{"a":0,"k":0,"ix":10},"p":{"a":0,"k":[157.497,146.25,0],"ix":2},"a":{"a":0,"k":[0,0,0],"ix":1},"s":{"a":0,"k":[40.556,40.556,100],"ix":6}},"ao":0,"shapes":[{"ty":"gr","it":[{"ty":"rc","d":1,"s":{"a":0,"k":[282,30],"ix":2},"p":{"a":0,"k":[0,0],"ix":3},"r":{"a":0,"k":89,"ix":4},"nm":"rectangle__1","mn":"ADBE Vector Shape - Rect","hd":false},{"ty":"gf","o":{"a":0,"k":50,"ix":10},"r":1,"bm":0,"g":{"p":3,"k":{"a":0,"k":[0,0.82,0.831,0.878,0.5,0.888,0.896,0.925,1,0.957,0.961,0.973],"ix":9}},"s":{"a":1,"k":[{"i":{"x":0.833,"y":0.833},"o":{"x":0.167,"y":0.167},"t":18.5,"s":[-800,0],"to":[266.667,0],"ti":[-117.413,76.237]},{"i":{"x":0.833,"y":1},"o":{"x":0.167,"y":0},"t":47.5,"s":[800,0],"to":[117.413,-76.237],"ti":[266.667,0]},{"i":{"x":0.833,"y":1},"o":{"x":0.167,"y":0},"t":48,"s":[-95.523,-457.422],"to":[-266.667,0],"ti":[117.413,-76.237]},{"t":48.5,"s":[-800,0]}],"ix":5},"e":{"a":1,"k":[{"i":{"x":0.833,"y":0.833},"o":{"x":0.167,"y":0.167},"t":18.5,"s":[-500,0],"to":[266.667,0],"ti":[-114.076,76.82]},{"i":{"x":0.833,"y":1},"o":{"x":0.167,"y":0},"t":47.5,"s":[1100,0],"to":[114.076,-76.82],"ti":[266.667,0]},{"i":{"x":0.833,"y":1},"o":{"x":0.167,"y":0},"t":48,"s":[184.453,-460.922],"to":[-266.667,0],"ti":[114.076,-76.82]},{"t":48.5,"s":[-500,0]}],"ix":6},"t":2,"h":{"a":0,"k":0,"ix":7},"a":{"a":0,"k":0,"ix":8},"nm":"gradient","mn":"ADBE Vector Graphic - G-Fill","hd":false},{"ty":"tr","p":{"a":0,"k":[2.466,-0.616],"ix":2},"a":{"a":0,"k":[0,0],"ix":1},"s":{"a":0,"k":[100,100],"ix":3},"r":{"a":0,"k":0,"ix":6},"o":{"a":0,"k":100,"ix":7},"sk":{"a":0,"k":0,"ix":4},"sa":{"a":0,"k":0,"ix":5},"nm":"Transform"}],"nm":"rectangle 1","np":2,"cix":2,"bm":0,"ix":1,"mn":"ADBE Vector Group","hd":false}],"ip":18,"op":99,"st":18,"bm":0},{"ddd":0,"ind":10,"ty":4,"nm":"shapes 22","sr":1,"ks":{"o":{"a":0,"k":100,"ix":11},"r":{"a":0,"k":0,"ix":10},"p":{"a":0,"k":[179.278,176.625,0],"ix":2},"a":{"a":0,"k":[0,0,0],"ix":1},"s":{"a":0,"k":[40.556,40.556,100],"ix":6}},"ao":0,"shapes":[{"ty":"gr","it":[{"ty":"rc","d":1,"s":{"a":0,"k":[391,30],"ix":2},"p":{"a":0,"k":[0,0],"ix":3},"r":{"a":0,"k":89,"ix":4},"nm":"rectangle__1","mn":"ADBE Vector Shape - Rect","hd":false},{"ty":"gf","o":{"a":0,"k":50,"ix":10},"r":1,"bm":0,"g":{"p":3,"k":{"a":0,"k":[0,0.82,0.831,0.878,0.5,0.888,0.896,0.925,1,0.957,0.961,0.973],"ix":9}},"s":{"a":1,"k":[{"i":{"x":0.833,"y":0.833},"o":{"x":0.167,"y":0.167},"t":21.5,"s":[-800,0],"to":[266.667,0],"ti":[-117.413,76.237]},{"i":{"x":0.833,"y":1},"o":{"x":0.167,"y":0},"t":50.5,"s":[800,0],"to":[117.413,-76.237],"ti":[266.667,0]},{"i":{"x":0.833,"y":1},"o":{"x":0.167,"y":0},"t":51,"s":[-95.523,-457.422],"to":[-266.667,0],"ti":[117.413,-76.237]},{"t":51.5,"s":[-800,0]}],"ix":5},"e":{"a":1,"k":[{"i":{"x":0.833,"y":0.833},"o":{"x":0.167,"y":0.167},"t":21.5,"s":[-500,0],"to":[266.667,0],"ti":[-114.076,76.82]},{"i":{"x":0.833,"y":1},"o":{"x":0.167,"y":0},"t":50.5,"s":[1100,0],"to":[114.076,-76.82],"ti":[266.667,0]},{"i":{"x":0.833,"y":1},"o":{"x":0.167,"y":0},"t":51,"s":[184.453,-460.922],"to":[-266.667,0],"ti":[114.076,-76.82]},{"t":51.5,"s":[-500,0]}],"ix":6},"t":2,"h":{"a":0,"k":0,"ix":7},"a":{"a":0,"k":0,"ix":8},"nm":"gradient","mn":"ADBE Vector Graphic - G-Fill","hd":false},{"ty":"tr","p":{"a":0,"k":[2.466,-0.616],"ix":2},"a":{"a":0,"k":[0,0],"ix":1},"s":{"a":0,"k":[100,100],"ix":3},"r":{"a":0,"k":0,"ix":6},"o":{"a":0,"k":100,"ix":7},"sk":{"a":0,"k":0,"ix":4},"sa":{"a":0,"k":0,"ix":5},"nm":"Transform"}],"nm":"rectangle 1","np":2,"cix":2,"bm":0,"ix":1,"mn":"ADBE Vector Group","hd":false}],"ip":21,"op":102,"st":21,"bm":0},{"ddd":0,"ind":11,"ty":4,"nm":"shapes 21","sr":1,"ks":{"o":{"a":0,"k":100,"ix":11},"r":{"a":0,"k":0,"ix":10},"p":{"a":0,"k":[179.31,207,0],"ix":2},"a":{"a":0,"k":[0,0,0],"ix":1},"s":{"a":0,"k":[40.556,40.556,100],"ix":6}},"ao":0,"shapes":[{"ty":"gr","it":[{"ty":"rc","d":1,"s":{"a":0,"k":[391,30],"ix":2},"p":{"a":0,"k":[0,0],"ix":3},"r":{"a":0,"k":89,"ix":4},"nm":"rectangle__1","mn":"ADBE Vector Shape - Rect","hd":false},{"ty":"gf","o":{"a":0,"k":50,"ix":10},"r":1,"bm":0,"g":{"p":3,"k":{"a":0,"k":[0,0.82,0.831,0.878,0.5,0.888,0.896,0.925,1,0.957,0.961,0.973],"ix":9}},"s":{"a":1,"k":[{"i":{"x":0.833,"y":0.833},"o":{"x":0.167,"y":0.167},"t":19.5,"s":[-800,0],"to":[266.667,0],"ti":[-117.413,76.237]},{"i":{"x":0.833,"y":1},"o":{"x":0.167,"y":0},"t":48.5,"s":[800,0],"to":[117.413,-76.237],"ti":[266.667,0]},{"i":{"x":0.833,"y":1},"o":{"x":0.167,"y":0},"t":49,"s":[-95.523,-457.422],"to":[-266.667,0],"ti":[117.413,-76.237]},{"t":49.5,"s":[-800,0]}],"ix":5},"e":{"a":1,"k":[{"i":{"x":0.833,"y":0.833},"o":{"x":0.167,"y":0.167},"t":19.5,"s":[-500,0],"to":[266.667,0],"ti":[-114.076,76.82]},{"i":{"x":0.833,"y":1},"o":{"x":0.167,"y":0},"t":48.5,"s":[1100,0],"to":[114.076,-76.82],"ti":[266.667,0]},{"i":{"x":0.833,"y":1},"o":{"x":0.167,"y":0},"t":49,"s":[184.453,-460.922],"to":[-266.667,0],"ti":[114.076,-76.82]},{"t":49.5,"s":[-500,0]}],"ix":6},"t":2,"h":{"a":0,"k":0,"ix":7},"a":{"a":0,"k":0,"ix":8},"nm":"gradient","mn":"ADBE Vector Graphic - G-Fill","hd":false},{"ty":"tr","p":{"a":0,"k":[2.466,-0.616],"ix":2},"a":{"a":0,"k":[0,0],"ix":1},"s":{"a":0,"k":[100,100],"ix":3},"r":{"a":0,"k":0,"ix":6},"o":{"a":0,"k":100,"ix":7},"sk":{"a":0,"k":0,"ix":4},"sa":{"a":0,"k":0,"ix":5},"nm":"Transform"}],"nm":"rectangle 1","np":2,"cix":2,"bm":0,"ix":1,"mn":"ADBE Vector Group","hd":false}],"ip":19,"op":100,"st":19,"bm":0},{"ddd":0,"ind":12,"ty":4,"nm":"shapes 14","sr":1,"ks":{"o":{"a":0,"k":100,"ix":11},"r":{"a":0,"k":0,"ix":10},"p":{"a":0,"k":[179.31,235,0],"ix":2},"a":{"a":0,"k":[0,0,0],"ix":1},"s":{"a":0,"k":[40.556,40.556,100],"ix":6}},"ao":0,"shapes":[{"ty":"gr","it":[{"ty":"rc","d":1,"s":{"a":0,"k":[391,30],"ix":2},"p":{"a":0,"k":[0,0],"ix":3},"r":{"a":0,"k":89,"ix":4},"nm":"rectangle__1","mn":"ADBE Vector Shape - Rect","hd":false},{"ty":"gf","o":{"a":0,"k":50,"ix":10},"r":1,"bm":0,"g":{"p":3,"k":{"a":0,"k":[0,0.82,0.831,0.878,0.5,0.888,0.896,0.925,1,0.957,0.961,0.973],"ix":9}},"s":{"a":1,"k":[{"i":{"x":0.833,"y":0.833},"o":{"x":0.167,"y":0.167},"t":20.5,"s":[-800,0],"to":[266.667,0],"ti":[-117.413,76.237]},{"i":{"x":0.833,"y":1},"o":{"x":0.167,"y":0},"t":49.5,"s":[800,0],"to":[117.413,-76.237],"ti":[266.667,0]},{"i":{"x":0.833,"y":1},"o":{"x":0.167,"y":0},"t":50,"s":[-95.523,-457.422],"to":[-266.667,0],"ti":[117.413,-76.237]},{"t":50.5,"s":[-800,0]}],"ix":5},"e":{"a":1,"k":[{"i":{"x":0.833,"y":0.833},"o":{"x":0.167,"y":0.167},"t":20.5,"s":[-500,0],"to":[266.667,0],"ti":[-114.076,76.82]},{"i":{"x":0.833,"y":1},"o":{"x":0.167,"y":0},"t":49.5,"s":[1100,0],"to":[114.076,-76.82],"ti":[266.667,0]},{"i":{"x":0.833,"y":1},"o":{"x":0.167,"y":0},"t":50,"s":[184.453,-460.922],"to":[-266.667,0],"ti":[114.076,-76.82]},{"t":50.5,"s":[-500,0]}],"ix":6},"t":2,"h":{"a":0,"k":0,"ix":7},"a":{"a":0,"k":0,"ix":8},"nm":"gradient","mn":"ADBE Vector Graphic - G-Fill","hd":false},{"ty":"tr","p":{"a":0,"k":[2.466,-0.616],"ix":2},"a":{"a":0,"k":[0,0],"ix":1},"s":{"a":0,"k":[100,100],"ix":3},"r":{"a":0,"k":0,"ix":6},"o":{"a":0,"k":100,"ix":7},"sk":{"a":0,"k":0,"ix":4},"sa":{"a":0,"k":0,"ix":5},"nm":"Transform"}],"nm":"rectangle 1","np":2,"cix":2,"bm":0,"ix":1,"mn":"ADBE Vector Group","hd":false}],"ip":20,"op":101,"st":20,"bm":0},{"ddd":0,"ind":13,"ty":4,"nm":"shapes 24","sr":1,"ks":{"o":{"a":0,"k":100,"ix":11},"r":{"a":0,"k":0,"ix":10},"p":{"a":0,"k":[157.185,263.25,0],"ix":2},"a":{"a":0,"k":[0,0,0],"ix":1},"s":{"a":0,"k":[40.556,40.556,100],"ix":6}},"ao":0,"shapes":[{"ty":"gr","it":[{"ty":"rc","d":1,"s":{"a":0,"k":[282,30],"ix":2},"p":{"a":0,"k":[0,0],"ix":3},"r":{"a":0,"k":89,"ix":4},"nm":"rectangle__1","mn":"ADBE Vector Shape - Rect","hd":false},{"ty":"gf","o":{"a":0,"k":50,"ix":10},"r":1,"bm":0,"g":{"p":3,"k":{"a":0,"k":[0,0.82,0.831,0.878,0.5,0.888,0.896,0.925,1,0.957,0.961,0.973],"ix":9}},"s":{"a":1,"k":[{"i":{"x":0.833,"y":0.833},"o":{"x":0.167,"y":0.167},"t":19.5,"s":[-800,0],"to":[266.667,0],"ti":[-117.413,76.237]},{"i":{"x":0.833,"y":1},"o":{"x":0.167,"y":0},"t":48.5,"s":[800,0],"to":[117.413,-76.237],"ti":[266.667,0]},{"i":{"x":0.833,"y":1},"o":{"x":0.167,"y":0},"t":49,"s":[-95.523,-457.422],"to":[-266.667,0],"ti":[117.413,-76.237]},{"t":49.5,"s":[-800,0]}],"ix":5},"e":{"a":1,"k":[{"i":{"x":0.833,"y":0.833},"o":{"x":0.167,"y":0.167},"t":19.5,"s":[-500,0],"to":[266.667,0],"ti":[-114.076,76.82]},{"i":{"x":0.833,"y":1},"o":{"x":0.167,"y":0},"t":48.5,"s":[1100,0],"to":[114.076,-76.82],"ti":[266.667,0]},{"i":{"x":0.833,"y":1},"o":{"x":0.167,"y":0},"t":49,"s":[184.453,-460.922],"to":[-266.667,0],"ti":[114.076,-76.82]},{"t":49.5,"s":[-500,0]}],"ix":6},"t":2,"h":{"a":0,"k":0,"ix":7},"a":{"a":0,"k":0,"ix":8},"nm":"gradient","mn":"ADBE Vector Graphic - G-Fill","hd":false},{"ty":"tr","p":{"a":0,"k":[2.466,-0.616],"ix":2},"a":{"a":0,"k":[0,0],"ix":1},"s":{"a":0,"k":[100,100],"ix":3},"r":{"a":0,"k":0,"ix":6},"o":{"a":0,"k":100,"ix":7},"sk":{"a":0,"k":0,"ix":4},"sa":{"a":0,"k":0,"ix":5},"nm":"Transform"}],"nm":"rectangle 1","np":2,"cix":2,"bm":0,"ix":1,"mn":"ADBE Vector Group","hd":false}],"ip":19,"op":100,"st":19,"bm":0},{"ddd":0,"ind":14,"ty":4,"nm":"shapes 34","sr":1,"ks":{"o":{"a":1,"k":[{"i":{"x":[0.667],"y":[1]},"o":{"x":[0.333],"y":[0]},"t":14,"s":[0]},{"t":17,"s":[100]}],"ix":11},"r":{"a":0,"k":0,"ix":10},"p":{"a":0,"k":[157.185,263.25,0],"ix":2},"a":{"a":0,"k":[0,0,0],"ix":1},"s":{"a":0,"k":[40.556,40.556,100],"ix":6}},"ao":0,"shapes":[{"ty":"gr","it":[{"ty":"rc","d":1,"s":{"a":0,"k":[282,30],"ix":2},"p":{"a":0,"k":[0,0],"ix":3},"r":{"a":0,"k":89,"ix":4},"nm":"rectangle__1","mn":"ADBE Vector Shape - Rect","hd":false},{"ty":"fl","c":{"a":0,"k":[0.816178385417,0.824849805645,0.839215686275,1],"ix":4},"o":{"a":0,"k":50,"ix":5},"r":1,"bm":0,"nm":"Fill 1","mn":"ADBE Vector Graphic - Fill","hd":false},{"ty":"tr","p":{"a":0,"k":[2.466,-0.616],"ix":2},"a":{"a":0,"k":[0,0],"ix":1},"s":{"a":0,"k":[100,100],"ix":3},"r":{"a":0,"k":0,"ix":6},"o":{"a":0,"k":100,"ix":7},"sk":{"a":0,"k":0,"ix":4},"sa":{"a":0,"k":0,"ix":5},"nm":"Transform"}],"nm":"rectangle 1","np":2,"cix":2,"bm":0,"ix":1,"mn":"ADBE Vector Group","hd":false}],"ip":14,"op":99,"st":18,"bm":0},{"ddd":0,"ind":15,"ty":4,"nm":"shapes 33","sr":1,"ks":{"o":{"a":1,"k":[{"i":{"x":[0.667],"y":[1]},"o":{"x":[0.333],"y":[0]},"t":14,"s":[0]},{"t":17,"s":[100]}],"ix":11},"r":{"a":0,"k":0,"ix":10},"p":{"a":0,"k":[157.497,146.25,0],"ix":2},"a":{"a":0,"k":[0,0,0],"ix":1},"s":{"a":0,"k":[40.556,40.556,100],"ix":6}},"ao":0,"shapes":[{"ty":"gr","it":[{"ty":"rc","d":1,"s":{"a":0,"k":[282,30],"ix":2},"p":{"a":0,"k":[0,0],"ix":3},"r":{"a":0,"k":89,"ix":4},"nm":"rectangle__1","mn":"ADBE Vector Shape - Rect","hd":false},{"ty":"fl","c":{"a":0,"k":[0.816178385417,0.824849805645,0.839215686275,1],"ix":4},"o":{"a":0,"k":50,"ix":5},"r":1,"bm":0,"nm":"Fill 1","mn":"ADBE Vector Graphic - Fill","hd":false},{"ty":"tr","p":{"a":0,"k":[2.466,-0.616],"ix":2},"a":{"a":0,"k":[0,0],"ix":1},"s":{"a":0,"k":[100,100],"ix":3},"r":{"a":0,"k":0,"ix":6},"o":{"a":0,"k":100,"ix":7},"sk":{"a":0,"k":0,"ix":4},"sa":{"a":0,"k":0,"ix":5},"nm":"Transform"}],"nm":"rectangle 1","np":2,"cix":2,"bm":0,"ix":1,"mn":"ADBE Vector Group","hd":false}],"ip":14,"op":99,"st":18,"bm":0},{"ddd":0,"ind":16,"ty":4,"nm":"shapes 32","sr":1,"ks":{"o":{"a":1,"k":[{"i":{"x":[0.667],"y":[1]},"o":{"x":[0.333],"y":[0]},"t":14,"s":[0]},{"t":17,"s":[100]}],"ix":11},"r":{"a":0,"k":0,"ix":10},"p":{"a":0,"k":[179.278,176.625,0],"ix":2},"a":{"a":0,"k":[0,0,0],"ix":1},"s":{"a":0,"k":[40.556,40.556,100],"ix":6}},"ao":0,"shapes":[{"ty":"gr","it":[{"ty":"rc","d":1,"s":{"a":0,"k":[391,30],"ix":2},"p":{"a":0,"k":[0,0],"ix":3},"r":{"a":0,"k":89,"ix":4},"nm":"rectangle__1","mn":"ADBE Vector Shape - Rect","hd":false},{"ty":"fl","c":{"a":0,"k":[0.816178385417,0.824849805645,0.839215686275,1],"ix":4},"o":{"a":0,"k":50,"ix":5},"r":1,"bm":0,"nm":"Fill 1","mn":"ADBE Vector Graphic - Fill","hd":false},{"ty":"tr","p":{"a":0,"k":[2.466,-0.616],"ix":2},"a":{"a":0,"k":[0,0],"ix":1},"s":{"a":0,"k":[100,100],"ix":3},"r":{"a":0,"k":0,"ix":6},"o":{"a":0,"k":100,"ix":7},"sk":{"a":0,"k":0,"ix":4},"sa":{"a":0,"k":0,"ix":5},"nm":"Transform"}],"nm":"rectangle 1","np":2,"cix":2,"bm":0,"ix":1,"mn":"ADBE Vector Group","hd":false}],"ip":14,"op":99,"st":18,"bm":0},{"ddd":0,"ind":17,"ty":4,"nm":"shapes 31","sr":1,"ks":{"o":{"a":1,"k":[{"i":{"x":[0.667],"y":[1]},"o":{"x":[0.333],"y":[0]},"t":14,"s":[0]},{"t":17,"s":[100]}],"ix":11},"r":{"a":0,"k":0,"ix":10},"p":{"a":0,"k":[179.31,207,0],"ix":2},"a":{"a":0,"k":[0,0,0],"ix":1},"s":{"a":0,"k":[40.556,40.556,100],"ix":6}},"ao":0,"shapes":[{"ty":"gr","it":[{"ty":"rc","d":1,"s":{"a":0,"k":[391,30],"ix":2},"p":{"a":0,"k":[0,0],"ix":3},"r":{"a":0,"k":89,"ix":4},"nm":"rectangle__1","mn":"ADBE Vector Shape - Rect","hd":false},{"ty":"fl","c":{"a":0,"k":[0.816178385417,0.824849805645,0.839215686275,1],"ix":4},"o":{"a":0,"k":50,"ix":5},"r":1,"bm":0,"nm":"Fill 1","mn":"ADBE Vector Graphic - Fill","hd":false},{"ty":"tr","p":{"a":0,"k":[2.466,-0.616],"ix":2},"a":{"a":0,"k":[0,0],"ix":1},"s":{"a":0,"k":[100,100],"ix":3},"r":{"a":0,"k":0,"ix":6},"o":{"a":0,"k":100,"ix":7},"sk":{"a":0,"k":0,"ix":4},"sa":{"a":0,"k":0,"ix":5},"nm":"Transform"}],"nm":"rectangle 1","np":2,"cix":2,"bm":0,"ix":1,"mn":"ADBE Vector Group","hd":false}],"ip":14,"op":99,"st":18,"bm":0},{"ddd":0,"ind":18,"ty":4,"nm":"shapes 30","sr":1,"ks":{"o":{"a":1,"k":[{"i":{"x":[0.667],"y":[1]},"o":{"x":[0.333],"y":[0]},"t":14,"s":[0]},{"t":17,"s":[100]}],"ix":11},"r":{"a":0,"k":0,"ix":10},"p":{"a":0,"k":[179.31,235,0],"ix":2},"a":{"a":0,"k":[0,0,0],"ix":1},"s":{"a":0,"k":[40.556,40.556,100],"ix":6}},"ao":0,"shapes":[{"ty":"gr","it":[{"ty":"rc","d":1,"s":{"a":0,"k":[391,30],"ix":2},"p":{"a":0,"k":[0,0],"ix":3},"r":{"a":0,"k":89,"ix":4},"nm":"rectangle__1","mn":"ADBE Vector Shape - Rect","hd":false},{"ty":"fl","c":{"a":0,"k":[0.816178385417,0.824849805645,0.839215686275,1],"ix":4},"o":{"a":0,"k":50,"ix":5},"r":1,"bm":0,"nm":"Fill 1","mn":"ADBE Vector Graphic - Fill","hd":false},{"ty":"tr","p":{"a":0,"k":[2.466,-0.616],"ix":2},"a":{"a":0,"k":[0,0],"ix":1},"s":{"a":0,"k":[100,100],"ix":3},"r":{"a":0,"k":0,"ix":6},"o":{"a":0,"k":100,"ix":7},"sk":{"a":0,"k":0,"ix":4},"sa":{"a":0,"k":0,"ix":5},"nm":"Transform"}],"nm":"rectangle 1","np":2,"cix":2,"bm":0,"ix":1,"mn":"ADBE Vector Group","hd":false}],"ip":14,"op":99,"st":18,"bm":0},{"ddd":0,"ind":19,"ty":4,"nm":"Layer 1","sr":1,"ks":{"o":{"a":0,"k":100,"ix":11},"r":{"a":0,"k":0,"ix":10},"p":{"a":0,"k":[278.5,299,0],"ix":2},"a":{"a":0,"k":[78.5,99,0],"ix":1},"s":{"a":1,"k":[{"i":{"x":[0.5,0.5,0.5],"y":[1,1,1]},"o":{"x":[0.5,0.5,0.5],"y":[0,0,0]},"t":0,"s":[0,0,100]},{"i":{"x":[0.5,0.5,0.5],"y":[1,1,1]},"o":{"x":[0.5,0.5,0.5],"y":[0,0,0]},"t":15,"s":[105,105,100]},{"i":{"x":[0.5,0.5,0.5],"y":[1,1,1]},"o":{"x":[0.5,0.5,0.5],"y":[0,0,0]},"t":19,"s":[100,100,100]},{"i":{"x":[0.5,0.5,0.5],"y":[1,1,1]},"o":{"x":[0.5,0.5,0.5],"y":[0,0,0]},"t":23,"s":[104,104,100]},{"t":27,"s":[100,100,100]}],"ix":6}},"ao":0,"shapes":[{"ty":"gr","it":[{"ind":0,"ty":"sh","ix":1,"ks":{"a":0,"k":{"i":[[10.257,0],[0,0],[0,10.257],[0,0],[-10.257,0],[0,0],[0,-10.257],[0,0]],"o":[[0,0],[-10.257,0],[0,0],[0,-10.257],[0,0],[10.257,0],[0,0],[0,10.257]],"v":[[67.537,110.502],[-107.31,110.502],[-125.882,91.93],[-125.882,-82.918],[-107.31,-101.489],[67.537,-101.489],[86.109,-82.918],[86.109,91.93]],"c":true},"ix":2},"nm":"Path 1","mn":"ADBE Vector Shape - Group","hd":false},{"ty":"st","c":{"a":0,"k":[0.258823543787,0.521568655968,0.956862747669,1],"ix":3},"o":{"a":0,"k":100,"ix":4},"w":{"a":0,"k":4,"ix":5},"lc":1,"lj":1,"ml":10,"bm":0,"nm":"Stroke 1","mn":"ADBE Vector Graphic - Stroke","hd":false},{"ty":"fl","c":{"a":0,"k":[0.941176474094,0.960784316063,0.988235294819,1],"ix":4},"o":{"a":0,"k":100,"ix":5},"r":1,"bm":0,"nm":"Fill 1","mn":"ADBE Vector Graphic - Fill","hd":false},{"ty":"tr","p":{"a":0,"k":[0,0],"ix":2},"a":{"a":0,"k":[0,0],"ix":1},"s":{"a":0,"k":[100,100],"ix":3},"r":{"a":0,"k":0,"ix":6},"o":{"a":0,"k":100,"ix":7},"sk":{"a":0,"k":0,"ix":4},"sa":{"a":0,"k":0,"ix":5},"nm":"Transform"}],"nm":"Group 1","np":3,"cix":2,"bm":0,"ix":1,"mn":"ADBE Vector Group","hd":false}],"ip":0,"op":140,"st":0,"bm":0}],"markers":[]}