{"nm":"Large marketing Icons","v":"5.9.6","fr":60,"ip":0,"op":89,"w":32,"h":32,"ddd":0,"markers":[],"assets":[{"nm":"[FRAME] Ã¢ÂÂ¶ Frame 2147220725 - Null / Ã¢ÂÂ¶ Frame 2147220725 - Null / Group 696 - Null / Ã¢ÂÂ¶ Frame 2147220725 - Null / Group 696 - Null / Group 776 - Null / Ellipse 310 - Null / Ellipse 310 / Exclude - Null / Exclude / Exclude - Null / Exclude","fr":60,"id":"ltnwf0ipnq4zmm0zt9b","layers":[{"ty":3,"ddd":0,"ind":16,"hd":false,"nm":"Ã¢ÂÂ¶ Frame 2147220725 - Null","ks":{"a":{"a":0,"k":[0,0]},"o":{"a":0,"k":100},"p":{"a":0,"k":[4,4]},"r":{"a":0,"k":0},"s":{"a":0,"k":[100,100]},"sk":{"a":0,"k":0},"sa":{"a":0,"k":0}},"st":0,"ip":0,"op":90,"bm":0,"sr":1},{"ty":3,"ddd":0,"ind":17,"hd":false,"nm":"Ã¢ÂÂ¶ Frame 2147220725 - Null","ks":{"a":{"a":0,"k":[0,0]},"o":{"a":0,"k":100},"p":{"a":0,"k":[4,4]},"r":{"a":0,"k":0},"s":{"a":0,"k":[100,100]},"sk":{"a":0,"k":0},"sa":{"a":0,"k":0}},"st":0,"ip":0,"op":90,"bm":0,"sr":1},{"ty":3,"ddd":0,"ind":18,"hd":false,"nm":"Group 696 - Null","parent":17,"ks":{"a":{"a":0,"k":[0,0]},"o":{"a":0,"k":100},"p":{"a":0,"k":[8.2668,-8.6188]},"r":{"a":0,"k":30},"s":{"a":0,"k":[100,100]},"sk":{"a":0,"k":0},"sa":{"a":0,"k":0}},"st":0,"ip":0,"op":90,"bm":0,"sr":1},{"ty":3,"ddd":0,"ind":19,"hd":false,"nm":"Ã¢ÂÂ¶ Frame 2147220725 - Null","ks":{"a":{"a":0,"k":[0,0]},"o":{"a":0,"k":100},"p":{"a":0,"k":[4,4]},"r":{"a":0,"k":0},"s":{"a":0,"k":[100,100]},"sk":{"a":0,"k":0},"sa":{"a":0,"k":0}},"st":0,"ip":0,"op":90,"bm":0,"sr":1},{"ty":3,"ddd":0,"ind":20,"hd":false,"nm":"Group 696 - Null","parent":19,"ks":{"a":{"a":0,"k":[0,0]},"o":{"a":0,"k":100},"p":{"a":0,"k":[8.2668,-8.6188]},"r":{"a":0,"k":30},"s":{"a":0,"k":[100,100]},"sk":{"a":0,"k":0},"sa":{"a":0,"k":0}},"st":0,"ip":0,"op":90,"bm":0,"sr":1},{"ty":3,"ddd":0,"ind":21,"hd":false,"nm":"Group 776 - Null","parent":20,"ks":{"a":{"a":0,"k":[5.3635,0]},"o":{"a":0,"k":100},"p":{"a":0,"k":[17.531821721655962,3.313204264005042]},"r":{"a":1,"k":[{"t":0,"s":[38.15],"o":{"x":[0.33],"y":[0]},"i":{"x":[0.67],"y":[1]}},{"t":13.08764940239044,"s":[-16.95],"o":{"x":[0.33],"y":[0]},"i":{"x":[0.67],"y":[1]}},{"t":26.354581673306775,"s":[7.85],"o":{"x":[0.33],"y":[0]},"i":{"x":[0.67],"y":[1]}},{"t":39.6215139442231,"s":[-3.32],"o":{"x":[0.33],"y":[0]},"i":{"x":[0.67],"y":[1]}},{"t":45,"s":[0.15],"o":{"x":[0.33],"y":[0]},"i":{"x":[1],"y":[1]}},{"t":47.22772277227723,"s":[6.54],"o":{"x":[0],"y":[0]},"i":{"x":[1],"y":[1]}},{"t":49.45544554455446,"s":[14],"o":{"x":[0],"y":[0]},"i":{"x":[1],"y":[1]}},{"t":51.68316831683168,"s":[19.79],"o":{"x":[0],"y":[0]},"i":{"x":[1],"y":[1]}},{"t":53.910891089108915,"s":[24.2],"o":{"x":[0],"y":[0]},"i":{"x":[1],"y":[1]}},{"t":56.13861386138613,"s":[27.55],"o":{"x":[0],"y":[0]},"i":{"x":[1],"y":[1]}},{"t":58.366336633663366,"s":[30.09],"o":{"x":[0],"y":[0]},"i":{"x":[1],"y":[1]}},{"t":60.5940594059406,"s":[32.03],"o":{"x":[0],"y":[0]},"i":{"x":[1],"y":[1]}},{"t":62.82178217821782,"s":[33.5],"o":{"x":[0],"y":[0]},"i":{"x":[1],"y":[1]}},{"t":65.04950495049505,"s":[34.61],"o":{"x":[0],"y":[0]},"i":{"x":[1],"y":[1]}},{"t":67.27722772277227,"s":[35.46],"o":{"x":[0],"y":[0]},"i":{"x":[1],"y":[1]}},{"t":69.50495049504951,"s":[36.11],"o":{"x":[0],"y":[0]},"i":{"x":[1],"y":[1]}},{"t":71.73267326732673,"s":[36.6],"o":{"x":[0],"y":[0]},"i":{"x":[1],"y":[1]}},{"t":73.96039603960396,"s":[36.97],"o":{"x":[0],"y":[0]},"i":{"x":[1],"y":[1]}},{"t":76.1881188118812,"s":[37.25],"o":{"x":[0],"y":[0]},"i":{"x":[1],"y":[1]}},{"t":78.41584158415841,"s":[37.47],"o":{"x":[0],"y":[0]},"i":{"x":[1],"y":[1]}},{"t":80.64356435643565,"s":[37.63],"o":{"x":[0],"y":[0]},"i":{"x":[1],"y":[1]}},{"t":82.87128712871286,"s":[37.76],"o":{"x":[0],"y":[0]},"i":{"x":[1],"y":[1]}},{"t":85.09900990099011,"s":[37.85],"o":{"x":[0],"y":[0]},"i":{"x":[1],"y":[1]}},{"t":87.32673267326733,"s":[37.92],"o":{"x":[0],"y":[0]},"i":{"x":[1],"y":[1]}},{"t":89.55445544554455,"s":[37.98],"o":{"x":[0],"y":[0]},"i":{"x":[0.67],"y":[1]}},{"t":90,"s":[38.15]}]},"s":{"a":0,"k":[100.01,100.01]},"sk":{"a":0,"k":0},"sa":{"a":0,"k":0}},"st":0,"ip":0,"op":90,"bm":0,"sr":1},{"ty":3,"ddd":0,"ind":22,"hd":false,"nm":"Ellipse 310 - Null","parent":21,"ks":{"a":{"a":0,"k":[0,0]},"o":{"a":0,"k":100},"p":{"a":0,"k":[3.4642,3.3766]},"r":{"a":0,"k":0},"s":{"a":0,"k":[100,100]},"sk":{"a":0,"k":0},"sa":{"a":0,"k":0}},"st":0,"ip":0,"op":90,"bm":0,"sr":1},{"ty":4,"ddd":0,"ind":23,"hd":false,"nm":"Ellipse 310","parent":22,"ks":{"a":{"a":0,"k":[0,0]},"p":{"a":0,"k":[0,0]},"s":{"a":0,"k":[100,100]},"sk":{"a":0,"k":0},"sa":{"a":0,"k":0},"r":{"a":0,"k":0},"o":{"a":0,"k":100}},"st":0,"ip":0,"op":90,"bm":0,"sr":1,"shapes":[{"ty":"gr","nm":"Group","hd":false,"np":3,"it":[{"ty":"sh","nm":"Path","hd":false,"ks":{"a":0,"k":{"c":true,"v":[[3.7288,1.8644],[1.8644,3.7288],[0,1.8644],[1.8644,0],[3.7288,1.8644],[3.7288,1.8644]],"i":[[0,0],[1.0297,0],[0,1.0297],[-1.0297,0],[0,-1.0297],[0,0]],"o":[[0,1.02967],[-1.02967,0],[0,-1.02967],[1.02967,0],[0,0],[0,0]]}}},{"ty":"fl","o":{"a":0,"k":100},"c":{"a":0,"k":[1,1,1,1]},"nm":"Fill","hd":false,"r":1},{"ty":"tr","a":{"a":0,"k":[0,0]},"p":{"a":0,"k":[0,0]},"s":{"a":0,"k":[100,100]},"sk":{"a":0,"k":0},"sa":{"a":0,"k":0},"r":{"a":0,"k":0},"o":{"a":0,"k":100}}]}]},{"ty":3,"ddd":0,"ind":24,"hd":false,"nm":"Exclude - Null","parent":21,"ks":{"a":{"a":0,"k":[0,0]},"o":{"a":0,"k":100},"p":{"a":0,"k":[0,0]},"r":{"a":0,"k":0},"s":{"a":0,"k":[100,100]},"sk":{"a":0,"k":0},"sa":{"a":0,"k":0}},"st":0,"ip":0,"op":90,"bm":0,"sr":1},{"ty":4,"ddd":0,"ind":25,"hd":false,"nm":"Exclude","parent":24,"ks":{"a":{"a":0,"k":[0,0]},"p":{"a":0,"k":[0,0]},"s":{"a":0,"k":[100,100]},"sk":{"a":0,"k":0},"sa":{"a":0,"k":0},"r":{"a":0,"k":0},"o":{"a":0,"k":100}},"st":0,"ip":0,"op":90,"bm":0,"sr":1,"shapes":[{"ty":"gr","nm":"Group","hd":false,"np":4,"it":[{"ty":"sh","nm":"Path","hd":false,"ks":{"a":0,"k":{"c":true,"v":[[0.8655,21.5523],[9.8614,21.5523],[10.7269,20.6923],[10.7269,6.1022],[10.5235,5.5484],[6.0819,0.3061],[4.7643,0.2984],[0.21,5.5465],[0,6.1081],[0,20.6925],[0.8655,21.5525],[0.8655,21.5523]],"i":[[0,0],[0,0],[0,0.4749],[0,0],[0.1313,0.155],[0,0],[0.348,-0.401],[0,0],[0,-0.2062],[0,0],[-0.478,0],[0,0]],"o":[[0,0],[0.47799999999999976,0],[0,0],[0,-0.20265000000000022],[0,0],[-0.34316000000000013,-0.40502],[0,0],[-0.13549,0.1561199999999996],[0,0],[0,0.47494000000000014],[0,0],[0,0]]}}},{"ty":"sh","nm":"Path","hd":false,"ks":{"a":0,"k":{"c":true,"v":[[5.329,7.1056],[7.1934,5.2412],[5.329,3.3768],[3.4646,5.2412],[5.329,7.1056],[5.329,7.1056]],"i":[[0,0],[0,1.0297],[1.0297,0],[0,-1.0297],[-1.0297,0],[0,0]],"o":[[1.0296700000000003,0],[0,-1.0296700000000003],[-1.0296700000000003,0],[0,1.0296700000000003],[0,0],[0,0]]}}},{"ty":"fl","o":{"a":0,"k":100},"c":{"a":0,"k":[0.7058823529411765,0.8352941176470589,0.9921568627450981,1]},"nm":"Fill","hd":false,"r":2},{"ty":"tr","a":{"a":0,"k":[0,0]},"p":{"a":0,"k":[0,0]},"s":{"a":0,"k":[100,100]},"sk":{"a":0,"k":0},"sa":{"a":0,"k":0},"r":{"a":0,"k":0},"o":{"a":0,"k":100}}]}]},{"ty":3,"ddd":0,"ind":26,"hd":false,"nm":"Exclude - Null","parent":18,"ks":{"a":{"a":0,"k":[0,0]},"o":{"a":0,"k":100},"p":{"a":0,"k":[0.3893,3.1504]},"r":{"a":0,"k":0},"s":{"a":0,"k":[100,100]},"sk":{"a":0,"k":0},"sa":{"a":0,"k":0}},"st":0,"ip":0,"op":90,"bm":0,"sr":1},{"ty":4,"ddd":0,"ind":27,"hd":false,"nm":"Exclude","parent":26,"ks":{"a":{"a":0,"k":[0,0]},"p":{"a":0,"k":[0,0]},"s":{"a":0,"k":[100,100]},"sk":{"a":0,"k":0},"sa":{"a":0,"k":0},"r":{"a":0,"k":0},"o":{"a":0,"k":100}},"st":0,"ip":0,"op":90,"bm":0,"sr":1,"shapes":[{"ty":"gr","nm":"Group","hd":false,"np":4,"it":[{"ty":"sh","nm":"Path","hd":false,"ks":{"a":0,"k":{"c":true,"v":[[0.3304,14.3772],[7.3729,19.8814],[8.58,19.7334],[17.5646,8.2378],[17.7464,7.677],[17.4975,0.829],[16.4708,0.0167],[9.6737,1.3651],[9.1635,1.6791],[0.1825,13.1702],[0.3305,14.3773],[0.3304,14.3772]],"i":[[0,0],[0,0],[-0.2925,0.3742],[0,0],[0.0074,0.2025],[0,0],[0.5193,-0.103],[0,0],[0.127,-0.1624],[0,0],[-0.3742,-0.2925],[0,0]],"o":[[0,0],[0.3742000000000001,0.29247000000000156],[0,0],[0.12479000000000084,-0.1596700000000002],[0,0],[-0.019230000000000302,-0.52908],[0,0],[-0.2022100000000009,0.04011000000000009],[0,0],[-0.29247,0.3742000000000001],[0,0],[0,0]]}}},{"ty":"sh","nm":"Path","hd":false,"ks":{"a":0,"k":{"c":true,"v":[[12.748,5.7466],[15.365,5.4257],[15.0441,2.8087],[12.4271,3.1296],[12.748,5.7466],[12.748,5.7466]],"i":[[0,0],[-0.6341,0.8113],[0.8113,0.6341],[0.6341,-0.8113],[-0.8113,-0.6341],[0,0]],"o":[[0.81128,0.6340700000000004],[0.6340699999999995,-0.81128],[-0.81128,-0.6340699999999999],[-0.6340699999999995,0.81128],[0,0],[0,0]]}}},{"ty":"fl","o":{"a":0,"k":100},"c":{"a":0,"k":[0,0.40784313725490196,0.9215686274509803,1]},"nm":"Fill","hd":false,"r":2},{"ty":"tr","a":{"a":0,"k":[0,0]},"p":{"a":0,"k":[0,0]},"s":{"a":0,"k":[100,100]},"sk":{"a":0,"k":0},"sa":{"a":0,"k":0},"r":{"a":0,"k":0},"o":{"a":0,"k":100}}]}]}]},{"nm":"Large marketing Icons","fr":60,"id":"ltnwf0iolr003wz7xoi","layers":[{"ty":3,"ddd":0,"ind":28,"hd":false,"nm":"Large marketing Icons - Null","ks":{"a":{"a":0,"k":[0,0]},"o":{"a":0,"k":100},"p":{"a":0,"k":[0,0]},"r":{"a":0,"k":0},"s":{"a":0,"k":[100,100]},"sk":{"a":0,"k":0},"sa":{"a":0,"k":0}},"st":0,"ip":0,"op":90,"bm":0,"sr":1},{"ddd":0,"ind":29,"ty":0,"nm":"Ã¢ÂÂ¶ Frame 2147220725","refId":"ltnwf0ipnq4zmm0zt9b","sr":1,"ks":{"a":{"a":0,"k":[0,0]},"p":{"a":0,"k":[0,0]},"s":{"a":0,"k":[100,100]},"sk":{"a":0,"k":0},"sa":{"a":0,"k":0},"r":{"a":0,"k":0},"o":{"a":0,"k":100}},"ao":0,"w":32,"h":32,"ip":0,"op":90,"st":0,"hd":false,"bm":0}]}],"layers":[{"ty":3,"ddd":0,"ind":28,"hd":false,"nm":"Large marketing Icons - Null","ks":{"a":{"a":0,"k":[0,0]},"o":{"a":0,"k":100},"p":{"a":0,"k":[0,0]},"r":{"a":0,"k":0},"s":{"a":0,"k":[100,100]},"sk":{"a":0,"k":0},"sa":{"a":0,"k":0}},"st":0,"ip":0,"op":90,"bm":0,"sr":1},{"ddd":0,"ind":2,"ty":0,"nm":"Large marketing Icons","refId":"ltnwf0iolr003wz7xoi","sr":1,"ks":{"a":{"a":0,"k":[0,0]},"p":{"a":0,"k":[0,0]},"s":{"a":0,"k":[100,100]},"sk":{"a":0,"k":0},"sa":{"a":0,"k":0},"r":{"a":0,"k":0},"o":{"a":0,"k":100}},"ao":0,"w":32,"h":32,"ip":0,"op":90,"st":0,"hd":false,"bm":0}],"meta":{"a":"","d":"","tc":"","g":"Aninix"}}