{"v":"5.4.1","fr":30,"ip":0,"op":60,"w":512,"h":410,"nm":"Final","ddd":0,"assets":[],"layers":[{"ddd":0,"ind":1,"ty":4,"nm":"tick Outlines","sr":1,"ks":{"o":{"a":0,"k":100,"ix":11},"r":{"a":0,"k":0,"ix":10},"p":{"a":0,"k":[256,144,0],"ix":2},"a":{"a":0,"k":[256,256,0],"ix":1},"s":{"a":0,"k":[66,66,100],"ix":6}},"ao":0,"shapes":[{"ty":"gr","it":[{"ind":0,"ty":"sh","ix":1,"ks":{"a":0,"k":{"i":[[0,0],[0,0],[0,0]],"o":[[0,0],[0,0],[0,0]],"v":[[-73.977,7.083],[-29.38,51.679],[73.978,-51.679]],"c":false},"ix":2},"nm":"Path 1","mn":"ADBE Vector Shape - Group","hd":false},{"ty":"st","c":{"a":0,"k":[0.125,0.611999990426,0.933000033509,1],"ix":3},"o":{"a":0,"k":100,"ix":4},"w":{"a":0,"k":22,"ix":5},"lc":2,"lj":2,"nm":"Stroke 1","mn":"ADBE Vector Graphic - Stroke","hd":false},{"ty":"tr","p":{"a":0,"k":[256,256],"ix":2},"a":{"a":0,"k":[0,0],"ix":1},"s":{"a":0,"k":[100,100],"ix":3},"r":{"a":0,"k":0,"ix":6},"o":{"a":0,"k":100,"ix":7},"sk":{"a":0,"k":0,"ix":4},"sa":{"a":0,"k":0,"ix":5},"nm":"Transform"}],"nm":"Group 1","np":2,"cix":2,"ix":1,"mn":"ADBE Vector Group","hd":false},{"ty":"tm","s":{"a":1,"k":[{"i":{"x":[0.833],"y":[0.833]},"o":{"x":[0.167],"y":[0.167]},"n":["0p833_0p833_0p167_0p167"],"t":30,"s":[0],"e":[99]},{"t":40}],"ix":1},"e":{"a":0,"k":0,"ix":2},"o":{"a":0,"k":0,"ix":3},"m":1,"ix":2,"nm":"Trim Paths 1","mn":"ADBE Vector Filter - Trim","hd":false}],"ip":0,"op":60,"st":0,"bm":0},{"ddd":0,"ind":2,"ty":4,"nm":"Cloud Closed","sr":1,"ks":{"o":{"a":0,"k":100,"ix":11},"r":{"a":0,"k":0,"ix":10},"p":{"a":0,"k":[256,149,0],"ix":2},"a":{"a":0,"k":[256,256,0],"ix":1},"s":{"a":0,"k":[65,65,100],"ix":6}},"ao":0,"shapes":[{"ty":"gr","it":[{"ind":0,"ty":"sh","ix":1,"ks":{"a":1,"k":[{"i":{"x":0.833,"y":0.833},"o":{"x":0.167,"y":0.167},"n":"0p833_0p833_0p167_0p167","t":20,"s":[{"i":[[0,0],[0,0],[-0.21,57.791],[-79.793,0],[-72.449,0],[0.42,-87.562],[0,-57.661],[46.546,0]],"o":[[0,0],[-65.165,0],[0,-61.679],[0,-64.723],[60.541,0],[65.766,0],[0,57.028],[0,0]],"v":[[-45.776,167.236],[-128.895,167.236],[-243.932,56.189],[-118.921,-53.97],[12.709,-167.236],[139.081,-28.926],[244.142,69.507],[151.05,167.236]],"c":true}],"e":[{"i":[[0,52.927],[34.685,34.685],[52.927,0],[34.685,-34.685],[0,-52.927],[-34.685,-34.685],[-52.928,0],[-34.685,34.685]],"o":[[0,-52.927],[-34.685,-34.685],[-52.928,0],[-34.685,34.685],[0,52.927],[34.685,34.685],[52.927,0],[34.685,-34.685]],"v":[[196.502,24.024],[140.364,-111.505],[4.836,-167.643],[-130.693,-111.505],[-186.831,24.024],[-130.693,159.553],[4.836,215.691],[140.364,159.553]],"c":true}]},{"t":30}],"ix":2},"nm":"Path 1","mn":"ADBE Vector Shape - Group","hd":false},{"ty":"st","c":{"a":0,"k":[0.125,0.611999990426,0.933000033509,1],"ix":3},"o":{"a":0,"k":100,"ix":4},"w":{"a":0,"k":22,"ix":5},"lc":2,"lj":2,"nm":"Stroke 1","mn":"ADBE Vector Graphic - Stroke","hd":false},{"ty":"tr","p":{"a":0,"k":[255.894,231.976],"ix":2},"a":{"a":0,"k":[0,0],"ix":1},"s":{"a":0,"k":[100,100],"ix":3},"r":{"a":0,"k":0,"ix":6},"o":{"a":0,"k":100,"ix":7},"sk":{"a":0,"k":0,"ix":4},"sa":{"a":0,"k":0,"ix":5},"nm":"Transform"}],"nm":"Group 1","np":2,"cix":2,"ix":1,"mn":"ADBE Vector Group","hd":false},{"ty":"tm","s":{"a":1,"k":[{"i":{"x":[0.833],"y":[0.833]},"o":{"x":[0.167],"y":[0.167]},"n":["0p833_0p833_0p167_0p167"],"t":0,"s":[0],"e":[100]},{"t":15}],"ix":1},"e":{"a":0,"k":0,"ix":2},"o":{"a":0,"k":0,"ix":3},"m":1,"ix":2,"nm":"Trim Paths 1","mn":"ADBE Vector Filter - Trim","hd":false}],"ip":0,"op":60,"st":0,"bm":0},{"ddd":0,"ind":3,"ty":4,"nm":"Done! Outlines","sr":1,"ks":{"o":{"a":0,"k":100,"ix":11},"r":{"a":0,"k":0,"ix":10},"p":{"a":0,"k":[254.739,366,0],"ix":2},"a":{"a":0,"k":[0,-23,0],"ix":1},"s":{"a":0,"k":[100,100,100],"ix":6}},"ao":0,"shapes":[{"ty":"gr","it":[{"ind":0,"ty":"sh","ix":1,"ks":{"a":0,"k":{"i":[[-1.741,0],[0,0],[-5.73,5.55],[0,10.08],[5.729,5.55],[10.38,0],[0,0],[0.99,-0.959],[0,-1.74],[0,0],[-0.99,-0.959]],"o":[[0,0],[10.38,0],[5.729,-5.549],[0,-10.02],[-5.73,-5.549],[0,0],[-1.741,0],[-0.99,0.96],[0,0],[0,1.741],[0.99,0.96]],"v":[[-108.763,0],[-90.943,0],[-66.778,-8.325],[-58.183,-31.77],[-66.778,-55.125],[-90.943,-63.45],[-108.763,-63.45],[-112.858,-62.01],[-114.343,-57.96],[-114.343,-5.49],[-112.858,-1.44]],"c":true},"ix":2},"nm":"D","mn":"ADBE Vector Shape - Group","hd":false},{"ind":1,"ty":"sh","ix":2,"ks":{"a":0,"k":{"i":[[0,0],[0,0],[0,0],[0,-14.819],[14.58,0]],"o":[[0,0],[0,0],[14.58,0],[0,14.881],[0,0]],"v":[[-102.733,-9.45],[-102.733,-54],[-91.663,-54],[-69.793,-31.77],[-91.663,-9.45]],"c":true},"ix":2},"nm":"D","mn":"ADBE Vector Shape - Group","hd":false},{"ty":"mm","mm":1,"nm":"Merge Paths 1","mn":"ADBE Vector Filter - Merge","hd":false},{"ty":"fl","c":{"a":0,"k":[0.125490196078,0.611764705882,0.933333333333,1],"ix":4},"o":{"a":0,"k":100,"ix":5},"r":1,"nm":"Fill 1","mn":"ADBE Vector Graphic - Fill","hd":false},{"ty":"tr","p":{"a":0,"k":[0,0],"ix":2},"a":{"a":0,"k":[0,0],"ix":1},"s":{"a":0,"k":[100,100],"ix":3},"r":{"a":0,"k":0,"ix":6},"o":{"a":0,"k":100,"ix":7},"sk":{"a":0,"k":0,"ix":4},"sa":{"a":0,"k":0,"ix":5},"nm":"Transform"}],"nm":"D","np":4,"cix":2,"ix":1,"mn":"ADBE Vector Group","hd":false},{"ty":"gr","it":[{"ind":0,"ty":"sh","ix":1,"ks":{"a":0,"k":{"i":[[-4.5,0],[-3.39,1.86],[-1.831,3.48],[0,4.621],[1.83,3.451],[3.389,1.86],[4.5,0],[3.389,-1.859],[1.859,-3.45],[0,-4.62],[-1.86,-3.479],[-3.39,-1.859]],"o":[[4.5,0],[3.389,-1.859],[1.83,-3.479],[0,-4.62],[-1.831,-3.45],[-3.39,-1.859],[-4.5,0],[-3.39,1.86],[-1.86,3.451],[0,4.621],[1.859,3.48],[3.389,1.86]],"v":[[-27.404,0.72],[-15.569,-2.07],[-7.739,-10.08],[-4.994,-22.23],[-7.739,-34.335],[-15.569,-42.3],[-27.404,-45.09],[-39.239,-42.3],[-47.114,-34.335],[-49.904,-22.23],[-47.114,-10.08],[-39.239,-2.07]],"c":true},"ix":2},"nm":"o","mn":"ADBE Vector Shape - Group","hd":false},{"ind":1,"ty":"sh","ix":2,"ks":{"a":0,"k":{"i":[[3.659,0],[1.92,2.4],[0,4.68],[-1.95,2.43],[-3.6,0],[-1.921,-2.43],[0,-4.62],[1.92,-2.399]],"o":[[-3.6,0],[-1.921,-2.399],[0,-4.62],[1.949,-2.43],[3.6,0],[1.92,2.43],[0,4.68],[-1.921,2.4]],"v":[[-27.494,-8.01],[-35.774,-11.61],[-38.654,-22.23],[-35.729,-32.805],[-27.404,-36.45],[-19.124,-32.805],[-16.244,-22.23],[-19.124,-11.61]],"c":true},"ix":2},"nm":"o","mn":"ADBE Vector Shape - Group","hd":false},{"ty":"mm","mm":1,"nm":"Merge Paths 1","mn":"ADBE Vector Filter - Merge","hd":false},{"ty":"fl","c":{"a":0,"k":[0.125490196078,0.611764705882,0.933333333333,1],"ix":4},"o":{"a":0,"k":100,"ix":5},"r":1,"nm":"Fill 1","mn":"ADBE Vector Graphic - Fill","hd":false},{"ty":"tr","p":{"a":0,"k":[0,0],"ix":2},"a":{"a":0,"k":[0,0],"ix":1},"s":{"a":0,"k":[100,100],"ix":3},"r":{"a":0,"k":0,"ix":6},"o":{"a":0,"k":100,"ix":7},"sk":{"a":0,"k":0,"ix":4},"sa":{"a":0,"k":0,"ix":5},"nm":"Transform"}],"nm":"o","np":4,"cix":2,"ix":2,"mn":"ADBE Vector Group","hd":false},{"ty":"gr","it":[{"ind":0,"ty":"sh","ix":1,"ks":{"a":0,"k":{"i":[[5.279,0],[2.52,-1.319],[1.499,-2.46],[0,0],[0.99,0.931],[1.56,0],[1.02,-0.959],[0,-1.56],[0,0],[-0.99,-0.959],[-1.741,0],[-1.021,0.959],[0,1.68],[0,0],[-1.95,2.04],[-3.24,0],[-1.291,-1.56],[0,-3.42],[0,0],[-1.021,-0.959],[-1.741,0],[-0.99,0.959],[0,1.68],[0,0],[2.579,3.001]],"o":[[-3.181,0],[-2.52,1.32],[0,0],[0,-1.499],[-0.99,-0.93],[-1.741,0],[-1.021,0.96],[0,0],[0,1.68],[0.99,0.959],[1.74,0],[1.02,-0.959],[0,0],[0,-3.42],[1.949,-2.039],[2.759,0],[1.29,1.561],[0,0],[0,1.68],[1.02,0.959],[1.74,0],[0.99,-0.959],[0,0],[0,-6.06],[-2.58,-3]],"v":[[29.836,-45.09],[21.286,-43.11],[15.256,-37.44],[15.256,-39.87],[13.771,-43.515],[9.946,-44.91],[5.806,-43.47],[4.276,-39.69],[4.276,-4.86],[5.761,-0.9],[9.856,0.54],[13.996,-0.9],[15.526,-4.86],[15.526,-24.93],[18.451,-33.12],[26.236,-36.18],[32.311,-33.84],[34.246,-26.37],[34.246,-4.86],[35.776,-0.9],[39.916,0.54],[44.011,-0.9],[45.496,-4.86],[45.496,-27],[41.626,-40.59]],"c":true},"ix":2},"nm":"n","mn":"ADBE Vector Shape - Group","hd":false},{"ty":"fl","c":{"a":0,"k":[0.125490196078,0.611764705882,0.933333333333,1],"ix":4},"o":{"a":0,"k":100,"ix":5},"r":1,"nm":"Fill 1","mn":"ADBE Vector Graphic - Fill","hd":false},{"ty":"tr","p":{"a":0,"k":[0,0],"ix":2},"a":{"a":0,"k":[0,0],"ix":1},"s":{"a":0,"k":[100,100],"ix":3},"r":{"a":0,"k":0,"ix":6},"o":{"a":0,"k":100,"ix":7},"sk":{"a":0,"k":0,"ix":4},"sa":{"a":0,"k":0,"ix":5},"nm":"Transform"}],"nm":"n","np":2,"cix":2,"ix":3,"mn":"ADBE Vector Group","hd":false},{"ty":"gr","it":[{"ind":0,"ty":"sh","ix":1,"ks":{"a":0,"k":{"i":[[1.02,0],[1.8,-0.959],[1.47,-0.48],[1.92,0],[1.98,1.95],[0.36,4.14],[0,0],[0,2.58],[1.62,3.181],[2.939,1.741],[3.96,0],[3.27,-1.92],[1.8,-3.479],[0,-4.5],[-4.14,-4.08],[-7.08,0],[-2.58,0.689],[-2.04,1.14],[0,1.86],[0.63,0.78]],"o":[[-0.841,0],[-1.86,0.841],[-1.471,0.481],[-3.78,0],[-1.98,-1.949],[0,0],[2.28,0],[0,-4.32],[-1.62,-3.18],[-2.94,-1.74],[-4.14,0],[-3.271,1.921],[-1.8,3.48],[0,7.08],[4.14,4.081],[2.34,0],[2.579,-0.689],[2.219,-1.26],[0,-1.319],[-0.63,-0.779]],"v":[[91.755,-12.06],[87.795,-10.62],[82.8,-8.64],[77.715,-7.92],[69.075,-10.845],[65.565,-19.98],[92.115,-19.98],[95.535,-23.85],[93.105,-35.1],[86.265,-42.48],[75.915,-45.09],[64.8,-42.21],[57.195,-34.11],[54.495,-22.14],[60.705,-5.4],[77.535,0.72],[84.915,-0.315],[91.845,-3.06],[95.175,-7.74],[94.23,-10.89]],"c":true},"ix":2},"nm":"e","mn":"ADBE Vector Shape - Group","hd":false},{"ind":1,"ty":"sh","ix":2,"ks":{"a":0,"k":{"i":[[-3.06,0],[-1.68,-1.89],[-0.121,-3.659],[0,0],[-1.831,1.921]],"o":[[3,0],[1.679,1.89],[0,0],[0.36,-3.6],[1.83,-1.92]],"v":[[76.185,-37.17],[83.205,-34.335],[85.905,-26.01],[65.565,-26.01],[68.85,-34.29]],"c":true},"ix":2},"nm":"e","mn":"ADBE Vector Shape - Group","hd":false},{"ty":"mm","mm":1,"nm":"Merge Paths 1","mn":"ADBE Vector Filter - Merge","hd":false},{"ty":"fl","c":{"a":0,"k":[0.125490196078,0.611764705882,0.933333333333,1],"ix":4},"o":{"a":0,"k":100,"ix":5},"r":1,"nm":"Fill 1","mn":"ADBE Vector Graphic - Fill","hd":false},{"ty":"tr","p":{"a":0,"k":[0,0],"ix":2},"a":{"a":0,"k":[0,0],"ix":1},"s":{"a":0,"k":[100,100],"ix":3},"r":{"a":0,"k":0,"ix":6},"o":{"a":0,"k":100,"ix":7},"sk":{"a":0,"k":0,"ix":4},"sa":{"a":0,"k":0,"ix":5},"nm":"Transform"}],"nm":"e","np":4,"cix":2,"ix":4,"mn":"ADBE Vector Group","hd":false},{"ty":"gr","it":[{"ind":0,"ty":"sh","ix":1,"ks":{"a":0,"k":{"i":[[-0.9,0],[-0.63,0.6],[-0.121,1.14],[0,0],[0,0],[1.29,1.111],[1.98,0],[1.29,-1.11],[0,-1.859],[0,0],[0,0],[-0.63,-0.599]],"o":[[0.9,0],[0.63,-0.599],[0,0],[0,0],[0,-1.859],[-1.291,-1.11],[-1.98,0],[-1.291,1.111],[0,0],[0,0],[0.12,1.14],[0.63,0.6]],"v":[[110.025,-18.36],[112.32,-19.26],[113.445,-21.87],[116.775,-56.79],[116.865,-57.78],[114.93,-62.235],[110.025,-63.9],[105.12,-62.235],[103.185,-57.78],[103.275,-56.88],[106.605,-21.87],[107.73,-19.26]],"c":true},"ix":2},"nm":"!","mn":"ADBE Vector Shape - Group","hd":false},{"ind":1,"ty":"sh","ix":2,"ks":{"a":0,"k":{"i":[[-1.921,0],[-1.26,1.291],[0,1.921],[1.26,1.291],[1.92,0],[1.26,-1.29],[0,-1.92],[-1.26,-1.29]],"o":[[1.92,0],[1.26,-1.29],[0,-1.92],[-1.26,-1.29],[-1.921,0],[-1.26,1.291],[0,1.921],[1.26,1.291]],"v":[[110.025,0.54],[114.795,-1.395],[116.685,-6.21],[114.795,-11.025],[110.025,-12.96],[105.255,-11.025],[103.365,-6.21],[105.255,-1.395]],"c":true},"ix":2},"nm":"!","mn":"ADBE Vector Shape - Group","hd":false},{"ty":"mm","mm":1,"nm":"Merge Paths 1","mn":"ADBE Vector Filter - Merge","hd":false},{"ty":"fl","c":{"a":0,"k":[0.125490196078,0.611764705882,0.933333333333,1],"ix":4},"o":{"a":0,"k":100,"ix":5},"r":1,"nm":"Fill 1","mn":"ADBE Vector Graphic - Fill","hd":false},{"ty":"tr","p":{"a":0,"k":[0,0],"ix":2},"a":{"a":0,"k":[0,0],"ix":1},"s":{"a":0,"k":[100,100],"ix":3},"r":{"a":0,"k":0,"ix":6},"o":{"a":0,"k":100,"ix":7},"sk":{"a":0,"k":0,"ix":4},"sa":{"a":0,"k":0,"ix":5},"nm":"Transform"}],"nm":"!","np":4,"cix":2,"ix":5,"mn":"ADBE Vector Group","hd":false}],"ip":0,"op":60,"st":0,"bm":0}],"markers":[]}